{
  "credit_card": {
    "precision": 0.6527777777777778,
    "recall": 0.6911764705882353,
    "f1-score": 0.6714285714285714,
    "support": 68.0
  },
  "credit_reporting": {
    "precision": 0.9090909090909091,
    "recall": 0.776255707762557,
    "f1-score": 0.8374384236453202,
    "support": 219.0
  },
  "debt_collection": {
    "precision": 0.7710843373493976,
    "recall": 0.7441860465116279,
    "f1-score": 0.757396449704142,
    "support": 86.0
  },
  "mortgages_and_loans": {
    "precision": 0.7684210526315789,
    "recall": 0.9240506329113924,
    "f1-score": 0.8390804597701149,
    "support": 79.0
  },
  "retail_banking": {
    "precision": 0.76,
    "recall": 0.95,
    "f1-score": 0.8444444444444444,
    "support": 60.0
  },
  "accuracy": 0.802734375,
  "macro avg": {
    "precision": 0.7722748153699326,
    "recall": 0.8171337715547626,
    "f1-score": 0.7899576697985186,
    "support": 512.0
  },
  "weighted avg": {
    "precision": 0.8126920198237126,
    "recall": 0.802734375,
    "f1-score": 0.8030200689424413,
    "support": 512.0
  }
}