{
  "lstm": {
    "accuracy": 0.6674534678459167,
    "loss": 0.872465193271637,
    "val_accuracy": 0.7610415816307068,
    "val_loss": 0.6765269041061401
  },
  "gru": {
    "accuracy": 0.6931776404380798,
    "loss": 0.789592981338501,
    "val_accuracy": 0.8142444491386414,
    "val_loss": 0.5408293008804321
  }
}