{
  "credit_card": {
    "precision": 0.6515151515151515,
    "recall": 0.6323529411764706,
    "f1-score": 0.6417910447761194,
    "support": 68.0
  },
  "credit_reporting": {
    "precision": 0.8852459016393442,
    "recall": 0.7397260273972602,
    "f1-score": 0.8059701492537313,
    "support": 219.0
  },
  "debt_collection": {
    "precision": 0.6597938144329897,
    "recall": 0.7441860465116279,
    "f1-score": 0.6994535519125683,
    "support": 86.0
  },
  "mortgages_and_loans": {
    "precision": 0.7640449438202247,
    "recall": 0.8607594936708861,
    "f1-score": 0.8095238095238095,
    "support": 79.0
  },
  "retail_banking": {
    "precision": 0.6883116883116883,
    "recall": 0.8833333333333333,
    "f1-score": 0.7737226277372263,
    "support": 60.0
  },
  "accuracy": 0.76171875,
  "macro avg": {
    "precision": 0.7297822999438797,
    "recall": 0.7720715684179156,
    "f1-score": 0.7460922366406909,
    "support": 512.0
  },
  "weighted avg": {
    "precision": 0.7745554739527009,
    "recall": 0.76171875,
    "f1-score": 0.7630429644774193,
    "support": 512.0
  }
}