{
  "credit_card": {
    "precision": 0.6883116883116883,
    "recall": 0.7794117647058824,
    "f1-score": 0.7310344827586207,
    "support": 68.0
  },
  "credit_reporting": {
    "precision": 0.9326424870466321,
    "recall": 0.821917808219178,
    "f1-score": 0.8737864077669902,
    "support": 219.0
  },
  "debt_collection": {
    "precision": 0.7906976744186046,
    "recall": 0.7906976744186046,
    "f1-score": 0.7906976744186046,
    "support": 86.0
  },
  "mortgages_and_loans": {
    "precision": 0.8352941176470589,
    "recall": 0.8987341772151899,
    "f1-score": 0.8658536585365854,
    "support": 79.0
  },
  "retail_banking": {
    "precision": 0.7887323943661971,
    "recall": 0.9333333333333333,
    "f1-score": 0.8549618320610687,
    "support": 60.0
  },
  "accuracy": 0.8359375,
  "macro avg": {
    "precision": 0.8071356723580363,
    "recall": 0.8448189515784377,
    "f1-score": 0.8232668111083739,
    "support": 512.0
  },
  "weighted avg": {
    "precision": 0.8444649969228453,
    "recall": 0.8359375,
    "f1-score": 0.8374408536652567,
    "support": 512.0
  }
}